{
  "Add a Product to the Cart " : {
    "transaction" : "Add a Product to the Cart ",
    "sampleCount" : 10,
    "errorCount" : 5,
    "errorPct" : 50.0,
    "meanResTime" : 501.29999999999995,
    "medianResTime" : 292.0,
    "minResTime" : 86.0,
    "maxResTime" : 1589.0,
    "pct1ResTime" : 1587.0,
    "pct2ResTime" : 1589.0,
    "pct3ResTime" : 1589.0,
    "throughput" : 1.9083969465648853,
    "receivedKBytesPerSec" : 9.847440064408396,
    "sentKBytesPerSec" : 0.38764312977099236
  },
  "View a Product Category" : {
    "transaction" : "View a Product Category",
    "sampleCount" : 10,
    "errorCount" : 5,
    "errorPct" : 50.0,
    "meanResTime" : 292.0,
    "medianResTime" : 305.0,
    "minResTime" : 47.0,
    "maxResTime" : 567.0,
    "pct1ResTime" : 563.4,
    "pct2ResTime" : 567.0,
    "pct3ResTime" : 567.0,
    "throughput" : 2.403268445085316,
    "receivedKBytesPerSec" : 62.260377238043745,
    "sentKBytesPerSec" : 0.5139802631578948
  },
  "Total" : {
    "transaction" : "Total",
    "sampleCount" : 50,
    "errorCount" : 17,
    "errorPct" : 34.0,
    "meanResTime" : 535.54,
    "medianResTime" : 433.5,
    "minResTime" : 47.0,
    "maxResTime" : 1589.0,
    "pct1ResTime" : 1231.0,
    "pct2ResTime" : 1474.3999999999992,
    "pct3ResTime" : 1589.0,
    "throughput" : 1.7304630719180454,
    "receivedKBytesPerSec" : 28.238385888938883,
    "sentKBytesPerSec" : 0.37204956046237975
  },
  "Login" : {
    "transaction" : "Login",
    "sampleCount" : 10,
    "errorCount" : 4,
    "errorPct" : 40.0,
    "meanResTime" : 404.79999999999995,
    "medianResTime" : 426.5,
    "minResTime" : 262.0,
    "maxResTime" : 499.0,
    "pct1ResTime" : 498.4,
    "pct2ResTime" : 499.0,
    "pct3ResTime" : 499.0,
    "throughput" : 2.3696682464454977,
    "receivedKBytesPerSec" : 38.82298763329384,
    "sentKBytesPerSec" : 0.7562574052132702
  },
  "Browse Homepage" : {
    "transaction" : "Browse Homepage",
    "sampleCount" : 10,
    "errorCount" : 0,
    "errorPct" : 0.0,
    "meanResTime" : 907.4000000000001,
    "medianResTime" : 1033.0,
    "minResTime" : 481.0,
    "maxResTime" : 1397.0,
    "pct1ResTime" : 1376.8000000000002,
    "pct2ResTime" : 1397.0,
    "pct3ResTime" : 1397.0,
    "throughput" : 1.9727756954034328,
    "receivedKBytesPerSec" : 60.319928733478,
    "sentKBytesPerSec" : 0.23118465180508976
  },
  "Proceed to Checkout" : {
    "transaction" : "Proceed to Checkout",
    "sampleCount" : 10,
    "errorCount" : 3,
    "errorPct" : 30.0,
    "meanResTime" : 572.1999999999999,
    "medianResTime" : 345.5,
    "minResTime" : 211.0,
    "maxResTime" : 1392.0,
    "pct1ResTime" : 1376.3000000000002,
    "pct2ResTime" : 1392.0,
    "pct3ResTime" : 1392.0,
    "throughput" : 1.650709805216243,
    "receivedKBytesPerSec" : 5.886295755612413,
    "sentKBytesPerSec" : 0.36592883377352264
  }
}